name	hetero	double_hetero	percent
HG002	2462370	42030	0.017068921404987877
HG005	2182367	26639	0.012206471230549215
HG00733	2923327	128821	0.044066572094055845
HG01109	3663373	173232	0.04728756804180191
HG01243	3707739	178345	0.048100742797699624
HG02055	3881326	199822	0.051482921042963155
HG02080	2757295	133683	0.048483386797567904
HG02109	3830570	187528	0.048955638455895595
HG02145	3878842	197797	0.050993827539250115
HG02723	3820541	187895	0.049180207724508124
HG02818	3796520	189017	0.049786910117686725
HG03098	3890487	201013	0.0516678246193857
HG03486	3843495	194062	0.05049102444519896
HG03492	3050401	144191	0.04726952292501871
NA18906	3813543	191241	0.05014785463281783
NA19240	3782964	186499	0.04929970256127206
NA20129	3824826	180477	0.04718567589741337
NA21309	3755827	179496	0.047791338631944444